"","AT","AP","AH","AFDP","GTEP","TIT","TAT","TEY","CDP","CO","NOX"
"mean",17.2252592911701,1014.50911023835,68.6474641115926,3.59890906013001,26.1301486998917,1078.97468851571,546.642483748646,133.99338028169,12.0970247426869,3.12998553900325,59.8905094799567
"median",17.4565,1014,70.952,3.5385,25.331,1080.3,549.72,131.6,11.933,2.5334,56.8385
"sd",8.09578333285019,6.89543013297315,13.5411163950377,0.610225777041347,4.47373665317691,19.7624489807666,5.48906622868169,16.1792083934248,1.13660053669358,2.23496242661774,11.1324636218918
"1%",0.3639233,998.9232,35.9348,2.547828,18.15,1029.4,528.626,101.6583,10.11166,0.7325573,43.95296
"99%",32.94427,1033.017,91.08802,4.701217,35.86317,1100.1,550.44,167.29,14.30634,11.9727,100.02665
"min",-6.2348,989.4,24.085,2.3688,17.698,1016,516.04,100.02,9.8708,0.2128,25.905
"max",37.103,1036.6,96.666,5.2395,40.716,1100.4,550.59,179.5,15.159,41.097,119.68
