"","AT","AP","AH","AFDP","GTEP","TIT","TAT","TEY","CDP","CO","NOX"
"mean",17.7127262536684,1013.07016497427,77.8670154901587,3.92551771431683,25.563801377508,1081.42808373942,546.158517137179,133.506403506384,12.0605251463262,2.37246824891269,65.293067269213
"median",17.801,1012.6,80.47,3.9377,25.104,1085.9,549.88,133.73,11.965,1.7135,63.849
"sd",7.44745123459077,6.46334595460411,14.4613549466656,0.773935592906355,4.19595746249697,17.5363729350282,6.84236043343257,15.6186343701543,1.08879530064968,2.26267163863963,11.6783572687697
"1%",2.719204,998.0296,40.70992,2.46218,18.525,1035.032,525.18,104.02,10.183,0.1972992,45.19228
"99%",32.19768,1029.4,100.0768,6.0099,34.36468,1100.268,550.42,166.47,14.29068,11.01204,105.1736
"min",-6.2348,985.85,24.085,2.0874,17.698,1000.8,511.04,100.02,9.8518,0.00038751,25.905
"max",37.103,1036.6,100.2,7.6106,40.716,1100.9,550.61,179.5,15.159,44.103,119.91
