"","AT","AP","AH","AFDP","GTEP","TIT","TAT","TEY","CDP","CO","NOX"
"mean",17.6026197203579,1011.99960710291,80.4616240212528,3.69595750838926,25.1050967561521,1081.56946308725,545.780885067114,132.168341722595,11.9715863115213,2.72303074334452,70.007898909396
"median",17.2045,1011.8,84.002,3.62785,24.8525,1087.3,549.9,133.57,11.956,1.7827,68.651
"sd",6.862889635966,6.29006483429447,14.125390428543,0.805829221575142,4.35071102354987,17.3851465716299,7.35893476800854,16.3481560856923,1.13215861880441,2.36391322217935,12.0482489259436
"1%",4.340661,996.7302,42.99768,2.460965,18.83202,1039.9,525.1804,106.302,10.25502,0.3416651,48.15848
"99%",31.17596,1026.8,100.13,6.161859,33.89176,1100.1,550.39,165.4796,14.24649,11.57805,111.0041
"min",0.28985,989.38,27.504,2.3295,18.104,1022.1,518.32,101.48,9.8754,0.0050334,43.198
"max",33.873,1029.7,100.19,6.9779,36.95,1100.5,550.53,172.96,14.867,35.045,119.91
