"","Var 1","Var 2","Value","Abs Value"
"1","AFDP","AT",0.697870780974769,0.697870780974769
"2","NOX","AFDP",-0.611910344815391,0.611910344815391
"3","CO","AT",-0.390149557357772,0.390149557357772
