"","AT","AP","AH","AFDP","GTEP","TIT","TAT","TEY","CDP","NOX","Prediction","Error"
"1",11.343,1006.1,80.618,3.0875,24.066,1073.4,549.83,129.79,11.515,66.722,79.828208796127,-13.106208796127
"2",9.1842,1017.8,68.516,2.5237,21.473,1063.2,550.36,122.16,11.169,71.366,92.4224132068741,-21.0564132068741
