"","AT","AP","AH","AFDP","GTEP","TIT","TAT","TEY","CDP","NOX","Prediction","Error"
"1",30.48,1011,56.968,3.0911,20.446,1053.2,549.82,109.47,10.564,49.546,67.0210390019351,-17.4750390019351
"2",8.7772,1011,80.366,2.2695,18.314,1042.5,548.92,108.25,10.218,78.946,95.9969412971195,-17.0509412971195
