"","AT","AP","AH","AFDP","GTEP","TIT","TAT","TEY","CDP","NOX","Prediction","Error"
"1",25.908,1013.3,91.079,3.9863,23.508,1069.8,550.14,121.35,11.343,45.78,55.2404445462386,-9.4604445462386
"2",12.455,1010.7,89.501,2.5093,20.695,1055.8,550.12,116.23,10.772,67.551,84.0293446004774,-16.4783446004774
